s_no,reservoir,state,irrigation_cca_th_ha,hydel_mw,frl_m,live_capacity_bcm,latest_date,current_level_m,current_storage_bcm,current_storage_pct,last_year_level_m,last_year_storage_bcm,last_year_storage_pct,normal_storage_bcm,normal_storage_pct,current_vs_last_year_pct,current_vs_normal_pct
1,ALIYAR,Tamil Nadu,0.0,60.0,320.04,0.095,2026-09-24,302.163,0.004,4.21,319.766,0.094,98.58,0.067,70.58,4.27,5.97
2,ALMATTI,Karnataka,0.0,290.0,519.6,3.105,2026-09-24,518.94,2.672,86.06,519.52,2.945,94.85,3.028,97.51,90.73,88.25
3,ATAL SAGAR,Madhya Pradesh,98.25,60.0,346.25,0.835,2026-09-24,346.25,0.835,99.98,345.607,0.79,94.66,0.726,86.92,105.62,115.02
4,BADUA DAM,Bihar,45.588,0.0,128.66,0.11,2026-09-24,116.129,0.016,14.58,126.38,0.082,74.42,0.049,44.41,19.59,32.84
5,BALIMELA,Odisha,0.0,360.0,462.08,2.676,2026-09-24,453.51,1.37,51.2,454.871,1.547,57.81,1.722,64.35,88.55,79.56
6,BANSAGAR,Madhya Pradesh,488.0,425.0,341.64,5.166,2026-09-24,341.64,5.166,100.0,341.507,5.166,100.0,5.043,97.62,100.0,102.44
7,BARGI,Madhya Pradesh,157.0,90.0,422.76,3.18,2026-09-24,422.8,3.18,100.0,422.5,3.113,97.89,3.102,97.56,102.15,102.5
8,BARKESHWAR,West Bengal,0.0,0.0,78.6,0.025,2026-09-24,77.2,0.024,97.71,77.1,0.015,59.04,0.013,52.43,165.51,186.37
9,BARNA DAM,Madhya Pradesh,546.0,0.0,348.55,0.456,2026-09-24,347.25,0.37,81.17,348.51,0.453,99.33,0.411,90.23,81.72,89.97
10,BARVI DAM,Maharashtra,0.0,1.1,72.6,0.339,2026-09-24,72.6,0.339,99.95,72.47,0.334,98.48,0.306,90.12,101.49,110.91
11,BENNITHORA,Karnataka,20.234,0.0,438.89,0.141,2026-09-24,436.468,0.09,64.28,438.22,0.122,86.71,0.11,78.04,74.13,82.37
12,BHADAR,Gujrat,27.0,0.0,107.89,0.188,2026-09-24,102.78,0.038,20.25,107.13,0.155,82.25,0.154,81.81,24.61,24.75
13,BHADRA,Karnataka,106.0,39.0,657.76,1.785,2026-09-24,654.875,1.311,73.47,657.473,1.752,98.13,1.533,85.88,74.87,85.54
14,BHAMA ASKHED,Maharashtra,29.007,0.0,671.5,0.217,2026-09-24,671.5,0.217,100.0,671.5,0.217,100.0,0.2,92.03,100.0,108.66
15,BHANDARDARA,Maharashtra,63.74,46.0,744.91,0.304,2026-09-24,744.73,0.304,100.0,744.73,0.304,100.0,0.303,99.58,100.0,100.42
16,BHATGHAR,Maharashtra,60.656,14.09,623.28,0.673,2026-09-24,623.28,0.666,98.9,623.28,0.666,98.96,0.666,99.03,99.94,99.86
17,BHATSA,Maharashtra,29.378,15.0,142.07,0.942,2026-09-24,141.92,0.938,99.57,140.76,0.906,96.19,0.929,98.57,103.51,101.01
18,BHIMA UJJAINI,Maharashtra,125.0,12.0,496.83,1.517,2026-09-24,496.61,1.444,95.18,497.183,1.517,100.0,1.406,92.7,95.18,102.67
19,BISALPUR,Rajasthan,81.8,0.0,352.81,1.076,2026-09-24,314.05,0.811,75.35,315.5,1.076,100.0,0.836,77.71,75.35,96.96
20,BRAHMAM SAGAR,Andhra Pradesh,60.0,0.0,216.5,0.481,2026-09-24,201.229,0.167,34.68,207.98,0.303,63.09,0.153,31.73,54.96,109.3
21,BRAHMANI,Gujrat,6.413,0.0,64.62,0.071,2026-09-24,64.34,0.053,74.08,64.524,0.055,77.47,0.034,48.05,95.64,154.18
22,CHANDAN DAM,Bihar,0.136,0.0,152.4,0.056,2026-09-24,147.432,0.028,50.07,152.52,0.056,99.61,0.067,119.08,50.27,42.05
23,CHASKAMAN,Maharashtra,55.214,3.0,649.53,0.215,2026-09-24,649.35,0.212,98.43,649.53,0.215,99.77,0.208,96.68,98.66,101.81
24,DAMANGANGA,Gujrat,51.0,1.0,79.86,0.502,2026-09-24,79.7,0.471,93.72,79.45,0.459,91.35,0.443,88.34,102.6,106.09
25,DANTIWADA,Gujrat,45.0,0.0,184.1,0.399,2026-09-24,173.56,0.093,23.41,183.42,0.364,91.25,0.232,58.15,25.65,40.25
26,DARNA DAM,Maharashtra,87.0,0.0,571.5,0.202,2026-09-24,571.5,0.202,100.0,571.5,0.202,100.0,0.201,99.31,100.0,100.7
27,DHOM,Maharashtra,36.2,2.0,747.7,0.331,2026-09-24,746.7,0.325,98.11,747.7,0.331,100.0,0.315,95.03,98.11,103.23
28,DIMBHE DAM,Maharashtra,52.569,5.0,719.145,0.354,2026-09-24,719.05,0.353,99.63,719.15,0.354,99.93,0.328,92.73,99.7,107.45
29,DONKARAYI,Andhra Pradesh,0.0,25.0,316.08,0.376,2026-09-24,312.572,0.287,76.25,315.346,0.356,94.68,0.35,93.0,80.54,82.0
30,DOYANG HEP,Nagaland,0.0,75.0,333.0,0.535,2026-09-24,319.24,0.317,59.25,323.3,0.374,69.91,0.331,61.81,84.76,95.86
31,DUDHAWA,Chattisgarh,324.535,0.0,425.1,0.284,2026-09-24,424.77,0.271,95.45,422.846,0.192,67.5,0.226,79.66,141.4,119.82
32,DUDHGANGA,Maharashtra,2.441,24.0,646.0,0.664,2026-09-24,645.84,0.664,100.0,642.89,0.576,86.8,0.657,98.94,115.2,101.07
33,DURGAVATI,Bihar,37.8,0.0,128.66,0.258,2026-09-24,124.6,0.173,67.17,124.89,0.18,69.66,0.115,44.76,96.44,150.07
34,GANDHI SAGAR,Madhya Pradesh,220.0,115.0,399.9,6.827,2026-09-24,396.94,4.876,71.42,399.59,6.423,94.08,5.751,84.24,75.91,84.78
35,GARHI UPPER KIUL,Bihar,22.106,0.0,169.2,0.084,2026-09-24,165.506,0.047,55.04,165.742,0.049,57.75,0.023,27.19,95.31,202.41
36,GERUSOPPA,Karnataka,83.0,240.0,55.0,0.13,2026-09-24,48.03,0.093,71.54,50.68,0.107,81.95,0.103,79.18,87.29,90.35
37,GETALSUD,Jharkhand,0.0,130.0,590.06,0.218,2026-09-24,588.721,0.179,82.23,589.48,0.199,91.26,0.154,70.74,90.11,116.25
38,GHATAPRABHA,Karnataka,317.0,0.0,662.95,1.391,2026-09-24,662.849,1.324,95.15,662.797,1.381,99.26,1.266,91.04,95.86,104.52
39,GIRNA,Maharashtra,79.0,0.0,398.07,0.524,2026-09-24,398.06,0.523,99.84,398.05,0.522,99.68,0.424,80.99,100.16,123.27
40,GOBIND SAGAR,Himachal Pradesh,676.0,1379.0,512.0,6.229,2026-09-24,500.448,3.913,62.83,510.76,5.451,87.5,4.897,78.61,71.8,79.92
41,GUMTI,Tripura,0.0,15.0,93.55,0.312,2026-09-24,93.3,0.301,96.47,93.457,0.308,98.81,0.263,84.26,97.64,114.49
42,HARANGI,Karnataka,53.0,0.0,871.42,0.22,2026-09-24,868.61,0.145,65.91,870.881,0.202,92.01,0.199,90.39,71.63,72.91
43,HARIHARJHOR,Odisha,9.95,0.0,147.5,0.059,2026-09-24,147.25,0.057,97.24,147.329,0.058,97.81,0.054,91.84,99.41,105.88
44,HATHMATI,Gujrat,5.166,0.0,180.74,0.153,2026-09-24,178.86,0.095,61.85,180.844,0.149,97.39,0.092,59.91,63.51,103.23
45,HEMAVATHY,Karnataka,265.0,0.0,890.63,0.927,2026-09-24,881.299,0.382,41.21,889.781,0.852,91.91,0.725,78.17,44.84,52.72
46,HINGLOW,West Bengal,12.646,0.0,97.84,0.014,2026-09-24,95.448,0.003,18.38,95.79,0.004,26.36,0.009,60.96,69.71,30.14
47,HIRAKUD,Odisha,153.0,307.0,192.02,5.378,2026-09-24,191.93,4.763,88.56,191.769,4.663,86.7,4.589,85.32,102.14,103.8
48,HIRAN II,Gujrat,9.51,0.0,71.26,0.035,2026-09-24,66.12,0.008,22.17,71.26,0.035,100.0,0.032,92.31,22.17,24.02
49,HIREHALLA,Karnataka,2.43,0.0,542.845,0.038,2026-09-24,542.65,0.032,85.86,542.35,0.031,82.99,0.025,67.68,103.46,126.86
50,IDAMALAYAR,Kerala,33.0,75.0,169.0,1.018,2026-09-24,157.871,0.702,68.96,161.98,0.816,80.13,0.75,73.64,86.06,93.64
51,IDUKKI,Kerala,0.0,780.0,732.43,1.46,2026-09-24,721.413,0.889,60.89,725.467,1.08,73.97,0.983,67.34,82.32,90.42
52,INDIRA SAGAR,Madhya Pradesh,123.0,1000.0,262.13,9.745,2026-09-24,260.75,8.188,84.02,262.054,9.222,94.63,8.395,86.14,88.79,97.54
53,ISAPUR,Maharashtra,104.0,0.0,441.0,0.965,2026-09-24,437.89,0.664,68.78,440.96,0.96,99.51,0.692,71.72,69.12,95.9
54,JAISAMAND,Rajasthan,16.0,0.0,295.54,0.296,2026-09-24,292.2,0.148,49.9,292.343,0.153,51.62,0.224,75.61,96.66,65.99
55,JAWAI DAM,Rajasthan,38.67,0.0,313.4,0.193,2026-09-24,302.21,0.028,14.51,313.347,0.192,99.41,0.142,73.36,14.59,19.78
56,JAYAKWADI,Maharashtra,227.0,0.0,463.91,2.171,2026-09-24,462.909,1.802,83.0,463.845,2.147,98.9,1.778,81.89,83.93,101.36
57,JHAKAM,Rajasthan,28.0,0.0,359.5,0.132,2026-09-24,357.3,0.12,90.86,359.9,0.132,100.0,0.124,93.74,90.86,96.93
58,JIRGO,Uttar Pradesh,13.14,0.0,98.2,0.147,2026-09-24,97.53,0.137,92.9,97.25,0.134,91.35,0.083,56.15,101.69,165.43
59,KABINI,Karnataka,85.0,0.0,696.16,0.444,2026-09-24,691.485,0.203,45.72,695.581,0.409,92.15,0.391,88.01,49.62,51.95
60,KADANA,Gujrat,200.0,120.0,127.7,1.472,2026-09-24,124.13,0.847,57.56,127.71,1.191,80.93,1.142,77.61,71.12,74.16
61,KADDAM,Telangana,27.732,0.0,213.36,0.137,2026-09-24,213.36,0.099,72.24,213.17,0.128,93.53,0.144,104.86,77.24,68.89
62,KAKKI,Kerala,23.0,300.0,981.46,0.447,2026-09-24,971.291,0.295,66.0,975.15,0.346,77.35,0.319,71.42,85.32,92.41
63,KALLADA,Kerala,62.0,0.0,115.82,0.507,2026-09-24,105.04,0.264,52.07,106.799,0.3,59.2,0.336,66.31,87.95,78.53
64,KANDALERU,Andhra Pradesh,300.0,9.0,85.0,1.792,2026-09-24,69.881,0.352,19.64,82.003,1.397,77.96,0.676,37.73,25.2,52.06
65,KANGSABATI,West Bengal,341.0,0.0,134.14,0.914,2026-09-24,130.01,0.444,48.58,128.981,0.367,40.11,0.622,68.08,121.12,71.35
66,KANHER,Maharashtra,44.78,4.0,690.78,0.272,2026-09-24,689.97,0.257,94.48,690.753,0.271,99.68,0.264,97.19,94.78,97.21
67,KARANJA,Karnataka,29.27,0.0,584.15,0.208,2026-09-24,581.79,0.119,57.52,583.74,0.184,88.76,0.146,70.31,64.8,81.8
68,KARAPUZHA,Kerala,5.6,0.0,763.0,0.072,2026-09-24,757.05,0.035,48.61,757.05,0.03,41.81,0.032,44.8,116.28,108.52
69,KARAYAR,Tamil Nadu,0.0,0.0,264.566,0.149,2026-09-24,235.824,0.016,10.74,246.126,0.055,37.13,0.063,42.61,28.92,25.2
70,KARJAN,Gujrat,51.0,3.0,115.25,0.523,2026-09-24,113.54,0.465,88.96,114.944,0.499,95.47,0.459,87.77,93.19,101.36
71,KHADAKVASLA,Maharashtra,78.0,8.0,582.47,0.056,2026-09-24,580.34,0.029,51.91,582.23,0.053,93.93,0.055,98.78,55.27,52.55
72,KHANDONG,Assam,0.0,75.0,725.0,0.18,2026-09-24,715.5,0.061,33.8,723.0,0.149,82.58,0.106,58.64,40.93,57.64
73,KOL DAM,Himachal Pradesh,0.0,800.0,642.0,0.089,2026-09-24,640.41,0.065,73.2,640.58,0.068,76.02,0.068,76.7,96.29,95.43
74,KOLAR DAM,Madhya Pradesh,25.677,0.0,462.2,0.27,2026-09-24,462.13,0.263,97.5,461.961,0.259,95.98,0.226,83.83,101.59,116.31
75,KONAR,Jharkhand,0.0,0.0,425.81,0.176,2026-09-24,424.708,0.156,88.64,426.049,0.176,100.0,0.149,84.6,88.64,104.77
76,KOYANA,Maharashtra,0.0,1920.0,657.9,2.652,2026-09-24,658.55,2.652,100.0,659.308,2.652,100.0,2.723,102.67,100.0,97.4
77,KRISHNARAJA SAGARA,Karnataka,79.0,0.0,752.5,1.163,2026-09-24,746.69,0.546,46.95,752.109,1.113,95.7,0.916,78.72,49.06,59.64
78,LINGANAMAKKI,Karnataka,0.0,55.0,554.43,4.294,2026-09-24,547.253,2.409,56.1,553.56,4.073,94.86,3.53,82.2,59.14,68.25
79,LOWER BHAWANI,Tamil Nadu,105.0,8.0,278.89,0.792,2026-09-24,264.807,0.153,19.32,278.618,0.792,100.0,0.644,81.28,19.32,23.77
80,LOWER DUDHANA,Maharashtra,45.438,0.0,426.5,0.242,2026-09-24,422.27,0.051,21.09,425.15,0.179,73.92,0.13,53.77,28.53,39.22
81,LOWER MANAIR,Telangana,199.0,60.0,280.42,0.621,2026-09-24,274.914,0.32,51.52,280.37,0.621,100.0,0.491,79.1,51.52,65.13
82,LOWER MANAR,Maharashtra,27.745,0.0,393.89,0.13,2026-09-24,391.72,0.086,66.64,393.9,0.13,100.0,0.097,74.57,66.64,89.37
83,LOWER TERNA,Maharashtra,14.513,0.0,604.4,0.091,2026-09-24,601.1,0.021,22.64,604.35,0.091,99.76,0.05,54.48,22.69,41.55
84,MACHCHHU I,Gujrat,0.0,0.0,135.33,0.071,2026-09-24,133.64,0.043,60.79,135.33,0.069,97.18,0.053,74.89,62.55,81.17
85,MACHCHHU II,Gujrat,10.13,0.0,57.3,0.091,2026-09-24,56.16,0.064,70.36,57.3,0.084,92.31,0.065,71.2,76.23,98.82
86,MACHKUND,Odisha,0.0,115.0,838.16,0.893,2026-09-24,834.78,0.625,70.01,837.731,0.849,95.11,0.691,77.34,73.61,90.52
87,MAHANADI,Chattisgarh,319.0,10.0,348.7,0.767,2026-09-24,348.39,0.738,96.17,347.589,0.661,86.14,0.597,77.84,111.65,123.55
88,MAHI BAJAJ SAGAR,Rajasthan,63.0,140.0,280.75,1.711,2026-09-24,275.4,1.086,63.47,281.5,1.711,100.0,1.633,95.42,63.47,66.52
89,MAITHON,Jharkhand,342.0,0.0,146.3,0.471,2026-09-24,145.19,0.38,80.68,146.64,0.461,97.88,0.518,110.06,82.43,73.3
90,MAJALGAON,Maharashtra,119.4,0.0,431.8,0.312,2026-09-24,428.24,0.089,28.53,431.56,0.293,93.85,0.176,56.36,30.4,50.61
91,MALAMPUZHA,Kerala,21.165,2.5,115.06,0.224,2026-09-24,109.56,0.111,49.55,114.51,0.208,93.0,0.167,74.49,53.28,66.53
92,MALAPRABHA,Karnataka,215.0,0.0,633.83,0.972,2026-09-24,629.619,0.408,41.98,633.832,0.972,100.0,0.751,77.3,41.98,54.31
93,MANDIRA DAM,Odisha,0.0,0.0,210.312,0.309,2026-09-24,206.95,0.086,27.94,209.42,0.235,75.99,0.2,64.7,36.77,43.19
94,MANI DAM,Karnataka,0.0,469.0,594.36,0.884,2026-09-24,585.92,0.481,54.44,594.0,0.86,97.28,0.628,71.09,55.96,76.57
95,MANIKDOH,Maharashtra,2.2,6.0,711.25,0.288,2026-09-24,710.03,0.265,92.18,706.706,0.211,73.31,0.21,72.78,125.74,126.66
96,MANIMUTHAR,Tamil Nadu,34.848,0.0,109.12,0.156,2026-09-24,91.272,0.028,17.95,101.023,0.086,55.19,0.038,24.31,32.52,73.84
97,MANJARA,Maharashtra,23.69,0.0,642.37,0.177,2026-09-24,636.89,0.019,10.69,642.37,0.177,99.98,0.09,51.01,10.69,20.96
98,MATATILA,Uttar Pradesh,0.0,30.0,308.46,0.707,2026-09-24,308.34,0.628,88.84,308.45,0.641,90.67,0.639,90.44,97.99,98.24
99,MAUDAHA,Uttar Pradesh,41.7,0.0,147.8,0.179,2026-09-24,147.69,0.175,97.77,147.543,0.168,94.09,0.128,71.69,103.9,136.36
100,MAYURAKSHI,West Bengal,227.0,0.0,121.31,0.549,2026-09-24,118.201,0.272,49.53,118.6,0.292,53.17,0.284,51.65,93.15,95.91
101,MEJA,Uttar Pradesh,71.048,0.0,178.0,0.299,2026-09-24,54.102,0.286,95.67,177.4,0.284,94.95,0.185,61.97,100.76,154.39
102,METTUR,Tamil Nadu,122.0,360.0,240.79,2.647,2026-09-24,229.536,1.265,47.79,240.545,2.611,98.63,1.744,65.89,48.45,72.53
103,MINIMATA BANGO,Chattisgarh,0.0,120.0,359.66,3.046,2026-09-24,358.52,2.697,88.54,358.123,2.629,86.32,2.452,80.51,102.58,109.97
104,MULA,Maharashtra,139.0,0.0,552.3,0.609,2026-09-24,549.8,0.481,79.06,552.056,0.605,99.39,0.573,94.06,79.54,84.05
105,MULSHI,Maharashtra,0.0,300.0,607.1,0.572,2026-09-24,605.94,0.516,90.24,606.944,0.564,98.55,0.538,94.0,91.57,96.0
106,MUNJIYASAR,Gujrat,3.481,0.0,62.94,0.014,2026-09-24,60.104,0.004,32.13,61.841,0.009,67.5,0.008,62.0,47.61,51.83
107,MUSI PROJECT,Telangana,12.145,0.0,196.6,0.123,2026-09-24,195.25,0.092,74.8,196.127,0.111,90.59,0.104,84.77,82.56,88.24
108,NAGARJUNA SAGAR,Telangana,895.0,810.0,179.83,5.108,2026-09-24,163.37,1.371,26.84,178.77,4.85,94.95,3.58,70.09,28.27,38.29
109,NANAK SAGAR,Uttarakhand,250.0,0.0,215.19,0.176,2026-09-24,214.37,0.139,79.11,214.266,0.135,76.62,0.109,62.13,103.24,127.33
110,NARAYANPUR,Karnataka,425.0,0.0,492.25,0.863,2026-09-24,490.75,0.343,39.74,492.2,0.519,60.14,0.632,73.28,66.09,54.24
111,NIRA DEOGHAR,Maharashtra,0.0,6.0,667.1,0.332,2026-09-24,667.1,0.332,100.0,667.1,0.332,100.0,0.332,99.93,100.0,100.07
112,NIZAM SAGAR,Telangana,93.619,10.0,428.24,0.482,2026-09-24,427.013,0.352,72.98,427.42,0.398,82.57,0.274,56.82,88.38,128.43
113,OMKARESHWAR,Madhya Pradesh,132.5,520.0,196.6,0.299,2026-09-24,195.13,0.111,37.12,195.817,0.164,54.99,0.09,30.04,67.51,123.6
114,PANAM,Gujrat,36.0,2.0,127.41,0.697,2026-09-24,123.95,0.346,49.61,127.401,0.552,79.26,0.471,67.53,62.6,73.47
115,PANCHET HILL,Jharkhand,0.0,80.0,124.97,0.184,2026-09-24,124.12,0.144,78.26,125.473,0.184,100.0,0.271,147.01,78.26,53.23
116,PANSHET TANAJISAGAR,Maharashtra,0.0,8.0,636.27,0.302,2026-09-24,636.14,0.3,99.28,636.317,0.302,100.0,0.299,99.03,99.28,100.25
117,PARAMBIKULAM,Tamil Nadu,101.0,0.0,556.26,0.38,2026-09-24,550.862,0.27,71.05,555.833,0.371,97.5,0.305,80.38,72.87,88.39
118,PENCH,Maharashtra,127.0,160.0,490.0,1.091,2026-09-24,483.45,1.017,93.21,489.993,1.016,93.17,0.836,76.65,100.05,121.6
119,PERIYAR,Kerala,84.0,140.0,867.41,0.173,2026-09-24,861.43,0.048,27.75,865.514,0.126,72.83,0.099,57.18,38.1,48.52
120,PHULWARIA,Bihar,12.135,0.0,180.4,0.051,2026-09-24,177.241,0.027,52.64,176.205,0.021,40.77,0.014,27.87,129.12,188.86
121,PONG DAM,Himachal Pradesh,0.0,396.0,423.67,6.157,2026-09-24,417.53,4.37,70.97,424.08,5.873,95.39,4.911,79.77,74.4,88.98
122,PRIYADARSHINI JURALA,Telangana,42.388,234.16,318.516,0.168,2026-09-24,318.37,0.159,94.64,317.916,0.129,76.96,0.144,85.87,122.98,110.22
123,PULICHINTALA,Andhra Pradesh,529.33,120.0,53.34,1.3,2026-09-24,49.25,0.506,38.92,51.217,0.74,56.96,0.858,66.0,68.34,58.98
124,RAJGHAT DAM,Madhya Pradesh,270.0,45.0,370.89,1.945,2026-09-24,371.0,1.945,100.0,371.0,1.945,100.0,1.96,100.76,100.0,99.25
125,RAMGANGA,Uttarakhand,1897.0,198.0,365.3,2.196,2026-09-24,358.46,1.687,76.82,361.879,1.94,88.33,1.546,70.38,86.97,109.14
126,RANA PRATAP SAGAR,Rajasthan,229.0,172.0,352.81,1.436,2026-09-24,348.554,0.688,47.92,352.746,1.434,99.88,1.289,89.74,47.98,53.4
127,RANGAWAN,Uttar Pradesh,20.235,0.0,233.17,0.155,2026-09-24,232.01,0.129,83.23,232.487,0.14,90.14,0.081,52.48,92.33,158.59
128,RENGALI,Odisha,232.0,200.0,123.5,3.432,2026-09-24,122.83,3.194,93.06,123.453,3.426,99.81,3.069,89.42,93.24,104.07
129,RIHAND,Uttar Pradesh,0.0,300.0,268.22,5.649,2026-09-24,265.24,4.362,77.21,265.21,4.348,76.97,3.532,62.52,100.31,123.49
130,SABARMATI,Gujrat,95.0,1.0,189.59,0.735,2026-09-24,185.315,0.365,49.63,189.41,0.727,98.89,0.602,81.97,50.19,60.55
131,SALANADI,Odisha,42.0,0.0,82.3,0.558,2026-09-24,76.4,0.377,67.48,76.957,0.393,70.38,0.374,67.02,95.88,100.69
132,SALAULIM DAM,Goa,9.686,0.0,41.15,0.227,2026-09-24,41.26,0.227,100.0,41.344,0.227,100.0,0.236,103.77,100.0,96.36
133,SANJAY SAROVAR,Madhya Pradesh,12.646,3.45,519.38,0.508,2026-09-24,519.25,0.404,79.56,519.186,0.401,78.99,0.369,72.6,100.71,109.58
134,SAPUA,Odisha,0.0,0.0,168.5,0.006,2026-09-24,168.66,0.006,100.0,166.361,0.004,66.67,0.005,90.23,150.0,110.82
135,SARDAR SAROVAR,Gujrat,2120.0,1450.0,138.68,5.76,2026-09-24,138.46,5.689,98.77,137.387,5.351,92.9,4.243,73.66,106.32,134.09
136,SATHANUR,Tamil Nadu,20.243,7.5,222.2,0.207,2026-09-24,212.239,0.059,28.5,220.743,0.178,85.82,0.1,48.14,33.21,59.21
137,SHARDA SAGAR,Uttar Pradesh,126.5,0.0,190.5,0.33,2026-09-24,184.663,0.107,32.41,185.391,0.136,41.12,0.139,41.98,78.82,77.21
138,SHETRUNJI,Gujrat,36.0,0.0,55.53,0.3,2026-09-24,55.53,0.3,100.0,55.53,0.3,100.0,0.25,83.24,100.0,120.13
139,SHOLAYAR,Tamil Nadu,0.0,95.0,1002.79,0.143,2026-09-24,977.881,0.043,30.07,1002.783,0.143,99.89,0.115,80.63,30.1,37.3
140,SIKASAR,Chattisgarh,73.736,0.0,406.3,0.181,2026-09-24,404.91,0.165,91.41,406.059,0.181,100.0,0.167,92.43,91.41,98.89
141,SINGUR,Telangana,16.187,15.0,523.6,0.822,2026-09-24,515.12,0.116,14.15,520.616,0.48,58.34,0.593,72.18,24.26,19.61
142,SIRSI,Uttar Pradesh,80.566,0.0,217.93,0.19,2026-09-24,217.8,0.19,100.0,217.686,0.19,100.0,0.136,71.48,100.0,139.9
143,SOM KAMLA AMBA,Rajasthan,19.719,0.0,213.5,0.173,2026-09-24,212.14,0.129,74.31,213.357,0.157,90.83,0.16,92.5,81.81,80.33
144,SOMASILA,Andhra Pradesh,168.0,0.0,100.58,1.994,2026-09-24,86.918,0.253,12.69,99.807,1.835,92.0,1.397,70.07,13.79,18.11
145,SONDUR,Chattisgarh,12.896,0.0,471.065,0.18,2026-09-24,469.72,0.149,82.87,469.001,0.133,74.27,0.141,78.34,111.58,105.78
146,SRIRAMSAGAR,Telangana,411.0,27.0,332.54,2.3,2026-09-24,329.336,1.313,57.07,331.013,1.782,77.49,2.059,89.5,73.65,63.77
147,SRISAILAM,Andhra Pradesh,0.0,770.0,269.75,6.013,2026-09-24,261.0,2.604,43.31,269.05,5.651,93.98,4.844,80.56,46.08,53.76
148,SUKHI,Gujrat,20.701,0.0,147.82,0.167,2026-09-24,146.99,0.143,85.75,147.606,0.158,94.53,0.136,81.29,90.71,105.48
149,SUPA,Karnataka,0.0,0.0,564.0,4.12,2026-09-24,548.02,2.408,58.45,559.7,3.614,87.72,3.185,77.31,66.63,75.6
150,SURYA,Maharashtra,18.324,6.0,118.6,0.276,2026-09-24,117.5,0.262,95.05,118.4,0.274,99.19,0.274,99.39,95.83,95.64
151,TANDULA,Chattisgarh,246.36,0.0,332.2,0.312,2026-09-24,331.02,0.251,80.4,332.053,0.298,95.42,0.21,67.46,84.26,119.17
152,TATTIHALLA,Karnataka,0.0,0.0,468.3,0.249,2026-09-24,457.32,0.053,21.48,460.92,0.1,40.09,0.098,39.45,53.59,54.45
153,TAWA,Madhya Pradesh,247.0,0.0,355.4,1.944,2026-09-24,353.81,1.636,84.16,355.48,1.944,100.0,1.93,99.26,84.16,84.79
154,TEHRI,Uttarakhand,2351.0,1000.0,830.0,2.615,2026-09-24,829.08,2.483,94.94,828.499,2.557,97.78,2.47,94.44,97.09,100.52
155,TENUGHAT,Jharkhand,0.0,0.0,269.14,0.821,2026-09-24,258.39,0.233,28.38,259.624,0.279,34.03,0.394,48.01,83.38,59.12
156,THEIN DAM,Punjab,348.0,600.0,527.91,2.344,2026-09-24,509.616,1.073,45.76,524.713,2.078,88.65,1.596,68.09,51.62,67.21
157,THOKARWADI,Maharashtra,0.0,72.0,667.14,0.353,2026-09-24,667.12,0.352,99.65,667.15,0.353,99.9,0.324,91.86,99.75,108.47
158,TILAIYA,Jharkhand,0.0,4.0,368.81,0.142,2026-09-24,369.42,0.142,100.0,370.41,0.142,100.0,0.129,90.92,100.0,109.99
159,TILLARI,Maharashtra,21.26,10.0,113.2,0.447,2026-09-24,110.17,0.4,89.58,112.357,0.435,97.22,0.415,92.78,92.14,96.55
160,TUIRIAL,Mizoram,0.0,60.0,90.5,0.75,2026-09-24,88.48,0.723,96.41,90.164,0.75,100.0,0.649,86.52,96.41,111.42
161,TUNGABHADRA,Karnataka,529.0,72.0,497.74,3.276,2026-09-24,495.309,2.013,61.46,495.62,2.265,69.15,2.413,73.65,88.87,83.44
162,UKAI,Gujrat,348.0,300.0,105.16,6.615,2026-09-24,102.98,5.493,83.04,104.751,6.494,98.17,5.619,84.94,84.59,97.77
163,UMIAM,Meghalaya,0.0,36.0,980.69,0.142,2026-09-24,975.939,0.068,48.19,979.211,0.135,95.3,0.125,87.95,50.57,54.79
164,UMRONG,Assam,0.0,200.0,609.6,0.159,2026-09-24,608.9,0.129,81.05,605.95,0.09,56.83,0.094,59.43,142.62,136.38
165,UND I,Gujrat,9.9,0.0,98.0,0.066,2026-09-24,91.85,0.005,8.2,97.009,0.052,78.79,0.059,88.74,10.4,9.24
166,UPPER INDRAVATI,Odisha,128.0,600.0,642.0,1.456,2026-09-24,640.25,1.261,86.61,636.613,0.904,62.06,1.024,70.35,139.57,123.11
167,UPPER KOLAB,Odisha,89.0,320.0,858.0,0.935,2026-09-24,853.67,0.551,58.98,856.297,0.776,82.96,0.635,67.94,71.09,86.81
168,UPPER TAPI,Maharashtra,45.0,0.0,214.0,0.255,2026-09-24,213.78,0.241,94.51,214.0,0.255,100.0,0.2,78.44,94.51,120.48
169,UPPER VAITARNA,Maharashtra,0.0,61.0,603.5,0.331,2026-09-24,603.26,0.325,98.04,603.47,0.33,99.84,0.33,99.72,98.2,98.32
170,UPPER WARDHA,Maharashtra,70.0,0.0,342.5,0.564,2026-09-24,339.59,0.333,59.02,342.38,0.553,98.05,0.532,94.3,60.2,62.59
171,URMODI,Maharashtra,37.0,3.0,696.0,0.273,2026-09-24,694.66,0.252,92.42,695.91,0.272,99.63,0.255,93.26,92.76,99.1
172,VAIGAI,Tamil Nadu,61.0,6.0,279.2,0.172,2026-09-24,270.499,0.033,19.19,278.18,0.148,86.24,0.086,50.0,22.25,38.37
173,VANI VILAS SAGAR,Karnataka,123.0,0.0,652.28,0.802,2026-09-24,648.508,0.529,66.0,651.709,0.765,95.35,0.341,42.58,69.22,155.0
174,VEER DAM,Maharashtra,181.27,13.5,579.85,0.266,2026-09-24,578.27,0.218,82.01,579.85,0.266,100.0,0.246,92.54,82.01,88.62
175,WAGHUR,Maharashtra,37.496,1.5,234.1,0.248,2026-09-24,231.93,0.179,72.19,234.0,0.248,99.96,0.216,86.82,72.21,83.14
176,WATRAK,Gujrat,22.977,0.0,136.25,0.154,2026-09-24,133.93,0.081,52.89,136.183,0.132,85.62,0.107,69.45,61.77,76.15
177,YELDARI,Maharashtra,78.0,0.0,461.77,0.809,2026-09-24,458.53,0.504,62.34,461.75,0.807,99.76,0.47,58.16,62.49,107.2
178,YELERU,Andhra Pradesh,66.6,0.0,86.56,0.508,2026-09-24,78.498,0.159,31.3,83.077,0.322,63.41,0.281,55.24,49.36,56.66
